action,commitment_debt_after,fce_increment,policy_config_id,policy_name,split,true_progress_increment,verifier_queue_after,event_index,cumulative_fce
send_actionable,0.9184095,0.2602,pressure_backpressure_cfg006,pressure_backpressure,test_ood_network,0.0,1.0,0,0.2602
send_actionable,2.613101,1.2532,pressure_backpressure_cfg006,pressure_backpressure,test_ood_network,0.0,1.0,4,1.7097000000000002
send_actionable,4.1272315,0.79,pressure_backpressure_cfg006,pressure_backpressure,test_ood_network,0.0,1.0,8,2.7441000000000004
send_actionable,10.5544745,1.2857,pressure_backpressure_cfg006,pressure_backpressure,test_ood_network,0.0,0.5,12,9.0843
send_actionable,9.156116,0.6176,pressure_backpressure_cfg006,pressure_backpressure,test_ood_network,0.0,1.0,16,9.7019
send_actionable,9.05888875,1.2489,pressure_backpressure_cfg006,pressure_backpressure,test_ood_network,0.0,0.0,20,10.950800000000001
send_actionable,8.5436635,0.6498,pressure_backpressure_cfg006,pressure_backpressure,test_ood_network,0.0,1.0,24,11.600600000000002
send_actionable,8.5287475,1.326,pressure_backpressure_cfg006,pressure_backpressure,test_ood_network,0.0,1.0,28,12.926600000000002
send_actionable,10.14482125,1.3063,pressure_backpressure_cfg006,pressure_backpressure,test_ood_network,0.0,1.0,32,14.481900000000003
send_actionable,11.00536975,0.8754,pressure_backpressure_cfg006,pressure_backpressure,test_ood_network,0.0,1.0,36,15.609200000000001
send_actionable,10.5122305,0.8663,pressure_backpressure_cfg006,pressure_backpressure,test_ood_network,0.0,0.0,40,16.4755
send_actionable,11.99292525,1.5207,pressure_backpressure_cfg006,pressure_backpressure,test_ood_network,0.0,1.0,44,18.185200000000002
send_actionable,12.2672745,0.0,pressure_backpressure_cfg006,pressure_backpressure,test_ood_network,0.79268,1.0,48,18.185200000000002
send_actionable,17.29856471,0.0,pressure_backpressure_cfg006,pressure_backpressure,test_ood_network,0.2973747,1.0,52,18.185200000000002
send_actionable,17.09683796,0.0,pressure_backpressure_cfg006,pressure_backpressure,test_ood_network,0.483835,1.0,56,18.185200000000002
send_actionable,17.10850696,0.0,pressure_backpressure_cfg006,pressure_backpressure,test_ood_network,0.49362,0.0,60,18.185200000000002
send_actionable,17.00494021,0.0,pressure_backpressure_cfg006,pressure_backpressure,test_ood_network,0.661485,0.0,64,18.185200000000002
send_actionable,17.69360646,0.0,pressure_backpressure_cfg006,pressure_backpressure,test_ood_network,0.2475681,1.0,68,18.185200000000002
send_actionable,16.65082234,0.0,pressure_backpressure_cfg006,pressure_backpressure,test_ood_network,0.23920596,1.0,72,18.185200000000002
send_actionable,16.60482234,0.0,pressure_backpressure_cfg006,pressure_backpressure,test_ood_network,0.432155,1.0,76,18.185200000000002
send_actionable,15.98980109,0.0,pressure_backpressure_cfg006,pressure_backpressure,test_ood_network,0.48203,1.0,80,18.185200000000002
send_actionable,16.13449734,0.0,pressure_backpressure_cfg006,pressure_backpressure,test_ood_network,0.385795,1.0,84,18.185200000000002
send_actionable,16.25076809,0.0,pressure_backpressure_cfg006,pressure_backpressure,test_ood_network,0.471295,0.0,88,18.185200000000002
send_actionable,15.74719934,0.0,pressure_backpressure_cfg006,pressure_backpressure,test_ood_network,0.46569,1.0,92,18.185200000000002
send_actionable,16.59846354,0.8731,pressure_backpressure_cfg006,pressure_backpressure,test_ood_network,0.0,1.0,96,19.058300000000003
send_actionable,16.83590054,1.2566,pressure_backpressure_cfg006,pressure_backpressure,test_ood_network,0.0,1.0,100,20.3149
send_actionable,16.76536054,1.1295,pressure_backpressure_cfg006,pressure_backpressure,test_ood_network,0.0,1.0,104,21.4444
send_actionable,17.06210254,1.4156,pressure_backpressure_cfg006,pressure_backpressure,test_ood_network,0.0,1.0,108,22.860000000000003
send_actionable,17.35986704,1.3148,pressure_backpressure_cfg006,pressure_backpressure,test_ood_network,0.0,1.0,112,24.174800000000005
send_actionable,16.63410904,0.5912,pressure_backpressure_cfg006,pressure_backpressure,test_ood_network,0.0,1.0,116,24.766000000000005
send_actionable,17.63412654,1.8708,pressure_backpressure_cfg006,pressure_backpressure,test_ood_network,0.0,1.0,120,26.636800000000004
send_actionable,16.27192364,0.59247,pressure_backpressure_cfg006,pressure_backpressure,test_ood_network,0.0,1.0,124,27.229270000000003
send_actionable,16.37469739,1.0442,pressure_backpressure_cfg006,pressure_backpressure,test_ood_network,0.0,1.0,128,28.273470000000003
send_actionable,15.32306864,0.6475,pressure_backpressure_cfg006,pressure_backpressure,test_ood_network,0.0,1.0,132,28.920970000000004
send_actionable,17.35550439,1.3204,pressure_backpressure_cfg006,pressure_backpressure,test_ood_network,0.0,1.0,136,30.502370000000003
send_actionable,16.31890639,0.552,pressure_backpressure_cfg006,pressure_backpressure,test_ood_network,0.0,1.0,140,31.054370000000002
send_actionable,16.53446189,0.0,pressure_backpressure_cfg006,pressure_backpressure,test_ood_network,0.583965,1.0,144,31.054370000000002
send_actionable,19.14672671,0.0,pressure_backpressure_cfg006,pressure_backpressure,test_ood_network,0.32429224,1.0,148,31.054370000000002
send_actionable,17.8753985,0.0,pressure_backpressure_cfg006,pressure_backpressure,test_ood_network,0.34943969,1.0,152,31.054370000000002
send_actionable,16.40874722,0.0,pressure_backpressure_cfg006,pressure_backpressure,test_ood_network,0.38301031,0.0,156,31.054370000000002
send_actionable,18.25692848,0.0,pressure_backpressure_cfg006,pressure_backpressure,test_ood_network,0.23121005,0.0,160,31.054370000000002
send_actionable,16.74283831,0.0,pressure_backpressure_cfg006,pressure_backpressure,test_ood_network,0.3169067,1.0,164,31.054370000000002
send_actionable,17.32097231,0.0,pressure_backpressure_cfg006,pressure_backpressure,test_ood_network,0.68552,1.0,168,31.054370000000002
send_actionable,17.80094631,0.0,pressure_backpressure_cfg006,pressure_backpressure,test_ood_network,0.390355,1.0,172,31.054370000000002
send_actionable,16.35348225,0.0,pressure_backpressure_cfg006,pressure_backpressure,test_ood_network,0.23169835,0.0,176,31.054370000000002
send_actionable,15.07230225,0.0,pressure_backpressure_cfg006,pressure_backpressure,test_ood_network,0.52326,1.0,180,31.054370000000002
send_actionable,15.539086,0.0,pressure_backpressure_cfg006,pressure_backpressure,test_ood_network,0.371545,1.0,184,31.054370000000002
send_actionable,15.93388575,0.0,pressure_backpressure_cfg006,pressure_backpressure,test_ood_network,0.500745,0.0,188,31.054370000000002
send_actionable,16.41794975,1.2937,pressure_backpressure_cfg006,pressure_backpressure,test_ood_network,0.0,1.0,192,32.34807
send_actionable,17.05457075,1.4676,pressure_backpressure_cfg006,pressure_backpressure,test_ood_network,0.0,1.0,196,33.81567
send_actionable,15.92533425,0.3878,pressure_backpressure_cfg006,pressure_backpressure,test_ood_network,0.0,1.0,200,34.203469999999996
send_actionable,15.290272,1.0246,pressure_backpressure_cfg006,pressure_backpressure,test_ood_network,0.0,0.0,204,35.228069999999995
send_actionable,16.618103,1.3743,pressure_backpressure_cfg006,pressure_backpressure,test_ood_network,0.0,1.0,208,36.789069999999995
send_actionable,15.78186899,0.191295,pressure_backpressure_cfg006,pressure_backpressure,test_ood_network,0.0,1.0,212,37.57773999999999
send_actionable,15.92861024,1.3478,pressure_backpressure_cfg006,pressure_backpressure,test_ood_network,0.0,1.0,216,38.92553999999999
send_actionable,16.25704974,1.51,pressure_backpressure_cfg006,pressure_backpressure,test_ood_network,0.0,0.0,220,40.43553999999999
send_actionable,15.37035024,0.8062,pressure_backpressure_cfg006,pressure_backpressure,test_ood_network,0.0,1.0,224,41.241739999999986
send_actionable,15.32220299,1.3061,pressure_backpressure_cfg006,pressure_backpressure,test_ood_network,0.0,1.0,228,42.54783999999999
send_actionable,14.96045499,1.161,pressure_backpressure_cfg006,pressure_backpressure,test_ood_network,0.0,1.0,232,43.70883999999999
send_actionable,15.17212499,1.3199,pressure_backpressure_cfg006,pressure_backpressure,test_ood_network,0.0,0.0,236,45.028739999999985
send_actionable,15.52428649,0.0,pressure_backpressure_cfg006,pressure_backpressure,test_ood_network,0.49818,0.0,240,45.028739999999985
send_actionable,15.79229624,0.0,pressure_backpressure_cfg006,pressure_backpressure,test_ood_network,0.42332,0.0,244,45.028739999999985
send_actionable,15.27655974,0.0,pressure_backpressure_cfg006,pressure_backpressure,test_ood_network,0.589,1.0,248,45.028739999999985
send_actionable,16.21899515,0.0,pressure_backpressure_cfg006,pressure_backpressure,test_ood_network,0.533425,0.0,252,45.028739999999985
send_actionable,16.5459009,0.0,pressure_backpressure_cfg006,pressure_backpressure,test_ood_network,0.395105,0.0,256,45.028739999999985
send_actionable,17.0884519,0.0,pressure_backpressure_cfg006,pressure_backpressure,test_ood_network,0.43472,1.0,260,45.028739999999985
send_actionable,17.15502915,0.0,pressure_backpressure_cfg006,pressure_backpressure,test_ood_network,0.58919,0.0,264,45.028739999999985
send_actionable,17.42603994,0.0,pressure_backpressure_cfg006,pressure_backpressure,test_ood_network,0.40248128,0.0,268,45.028739999999985
send_actionable,16.14046319,0.0,pressure_backpressure_cfg006,pressure_backpressure,test_ood_network,0.512525,1.0,272,45.028739999999985
send_actionable,17.5942304,0.0,pressure_backpressure_cfg006,pressure_backpressure,test_ood_network,0.61104,1.0,276,45.028739999999985
send_actionable,18.07197535,0.0,pressure_backpressure_cfg006,pressure_backpressure,test_ood_network,0.39289839,1.0,280,45.028739999999985
send_actionable,18.50264951,0.0,pressure_backpressure_cfg006,pressure_backpressure,test_ood_network,0.40272543,0.5,284,45.028739999999985
send_actionable,19.12441359,0.45981,pressure_backpressure_cfg006,pressure_backpressure,test_ood_network,0.0,1.0,288,45.48854999999998
send_actionable,17.55266976,0.33129,pressure_backpressure_cfg006,pressure_backpressure,test_ood_network,0.0,1.0,292,45.819839999999985
send_actionable,16.12641746,0.49149,pressure_backpressure_cfg006,pressure_backpressure,test_ood_network,0.0,1.0,296,46.311329999999984
send_actionable,15.46500539,0.17406,pressure_backpressure_cfg006,pressure_backpressure,test_ood_network,0.0,1.0,300,46.68808999999998
send_actionable,15.75111339,1.1888,pressure_backpressure_cfg006,pressure_backpressure,test_ood_network,0.0,1.0,304,47.87688999999998
send_actionable,15.68036889,1.0905,pressure_backpressure_cfg006,pressure_backpressure,test_ood_network,0.0,1.0,308,48.96738999999998
send_actionable,15.49776289,1.2574,pressure_backpressure_cfg006,pressure_backpressure,test_ood_network,0.0,0.0,312,50.22478999999998
send_actionable,14.88856989,0.8968,pressure_backpressure_cfg006,pressure_backpressure,test_ood_network,0.0,1.0,316,51.121589999999976
send_actionable,15.57478214,1.4459,pressure_backpressure_cfg006,pressure_backpressure,test_ood_network,0.0,1.0,320,52.56748999999998
send_actionable,14.91211239,0.906,pressure_backpressure_cfg006,pressure_backpressure,test_ood_network,0.0,1.0,324,53.47348999999998
send_actionable,14.32285814,0.7792,pressure_backpressure_cfg006,pressure_backpressure,test_ood_network,0.0,1.0,328,54.25268999999998
send_actionable,14.55426239,1.1868,pressure_backpressure_cfg006,pressure_backpressure,test_ood_network,0.0,1.0,332,55.43948999999998
send_actionable,14.43024564,0.0,pressure_backpressure_cfg006,pressure_backpressure,test_ood_network,0.557175,1.0,336,55.43948999999998
send_actionable,18.22522087,0.0,pressure_backpressure_cfg006,pressure_backpressure,test_ood_network,0.43238965,1.0,340,55.43948999999998
send_actionable,19.02155637,0.0,pressure_backpressure_cfg006,pressure_backpressure,test_ood_network,0.29847337,1.0,344,55.43948999999998
send_actionable,17.80627139,0.0,pressure_backpressure_cfg006,pressure_backpressure,test_ood_network,0.35163704,0.0,348,55.43948999999998
send_actionable,16.58712135,0.0,pressure_backpressure_cfg006,pressure_backpressure,test_ood_network,0.25525883,1.0,352,55.43948999999998
send_actionable,16.7770121,0.0,pressure_backpressure_cfg006,pressure_backpressure,test_ood_network,0.52383,1.0,356,55.43948999999998
send_actionable,17.43541235,0.0,pressure_backpressure_cfg006,pressure_backpressure,test_ood_network,0.480795,1.0,360,55.43948999999998
send_actionable,16.76200635,0.0,pressure_backpressure_cfg006,pressure_backpressure,test_ood_network,0.3876,1.0,364,55.43948999999998
send_actionable,16.95833885,0.0,pressure_backpressure_cfg006,pressure_backpressure,test_ood_network,0.481365,1.0,368,55.43948999999998
send_actionable,15.4549696,0.0,pressure_backpressure_cfg006,pressure_backpressure,test_ood_network,0.369455,1.0,372,55.43948999999998
send_actionable,16.7110211,0.0,pressure_backpressure_cfg006,pressure_backpressure,test_ood_network,0.415435,1.0,376,55.43948999999998
send_actionable,16.91236385,0.0,pressure_backpressure_cfg006,pressure_backpressure,test_ood_network,0.587955,1.0,380,55.43948999999998
send_actionable,16.15265885,0.6022,pressure_backpressure_cfg006,pressure_backpressure,test_ood_network,0.0,1.0,384,56.04168999999998
send_actionable,16.8936771,1.5386,pressure_backpressure_cfg006,pressure_backpressure,test_ood_network,0.0,1.0,388,57.580289999999984
send_actionable,16.59849385,1.0255,pressure_backpressure_cfg006,pressure_backpressure,test_ood_network,0.0,1.0,392,58.605789999999985
send_actionable,16.3227381,0.8398,pressure_backpressure_cfg006,pressure_backpressure,test_ood_network,0.0,1.0,396,59.44558999999998
send_actionable,16.47397835,1.1385,pressure_backpressure_cfg006,pressure_backpressure,test_ood_network,0.0,1.0,400,60.58408999999998
send_actionable,16.08544085,0.9695,pressure_backpressure_cfg006,pressure_backpressure,test_ood_network,0.0,1.0,404,61.553589999999986
send_actionable,16.16704885,1.4333,pressure_backpressure_cfg006,pressure_backpressure,test_ood_network,0.0,1.0,408,62.98688999999999
send_actionable,16.6925241,1.294,pressure_backpressure_cfg006,pressure_backpressure,test_ood_network,0.0,1.0,412,64.28088999999999
send_actionable,15.4681951,0.5949,pressure_backpressure_cfg006,pressure_backpressure,test_ood_network,0.0,1.0,416,64.87578999999998
send_actionable,14.4653396,0.6829,pressure_backpressure_cfg006,pressure_backpressure,test_ood_network,0.0,1.0,420,65.55868999999998
send_actionable,13.9520571,0.6705,pressure_backpressure_cfg006,pressure_backpressure,test_ood_network,0.0,1.0,424,66.22918999999999
send_actionable,13.92844985,0.8067,pressure_backpressure_cfg006,pressure_backpressure,test_ood_network,0.0,1.0,428,67.03589
send_actionable,14.71926385,0.0,pressure_backpressure_cfg006,pressure_backpressure,test_ood_network,0.303525,1.0,432,67.03589
send_actionable,14.6056766,0.0,pressure_backpressure_cfg006,pressure_backpressure,test_ood_network,0.58007,1.0,436,67.03589
send_actionable,17.3792817,0.0,pressure_backpressure_cfg006,pressure_backpressure,test_ood_network,0.31281719,0.0,440,67.03589
send_actionable,18.05837735,0.0,pressure_backpressure_cfg006,pressure_backpressure,test_ood_network,0.2602639,0.0,444,67.03589
send_actionable,16.91781666,0.0,pressure_backpressure_cfg006,pressure_backpressure,test_ood_network,0.28144391,1.0,448,67.03589
send_actionable,17.20208416,0.0,pressure_backpressure_cfg006,pressure_backpressure,test_ood_network,0.397005,1.0,452,67.03589
send_actionable,17.53563616,0.0,pressure_backpressure_cfg006,pressure_backpressure,test_ood_network,0.40546,1.0,456,67.03589
send_actionable,16.14518159,0.0,pressure_backpressure_cfg006,pressure_backpressure,test_ood_network,0.44392574,0.0,460,67.03589
send_actionable,16.16922284,0.0,pressure_backpressure_cfg006,pressure_backpressure,test_ood_network,0.486115,1.0,464,67.03589
send_actionable,15.01718459,0.0,pressure_backpressure_cfg006,pressure_backpressure,test_ood_network,0.4465,1.0,468,67.03589
send_actionable,15.20226959,0.0,pressure_backpressure_cfg006,pressure_backpressure,test_ood_network,0.393015,0.0,472,67.03589
send_actionable,14.31495659,0.0,pressure_backpressure_cfg006,pressure_backpressure,test_ood_network,0.683905,1.0,476,67.03589
defer,16.82970559,0.0,pressure_backpressure_cfg006,pressure_backpressure,test_ood_network,0.0,0.0,480,67.03589
send_actionable,15.47357634,0.3785,pressure_backpressure_cfg006,pressure_backpressure,test_ood_network,0.0,1.0,484,67.41439
send_actionable,16.16899109,1.7285,pressure_backpressure_cfg006,pressure_backpressure,test_ood_network,0.0,1.0,488,69.14289
send_actionable,15.98045459,0.9491,pressure_backpressure_cfg006,pressure_backpressure,test_ood_network,0.0,0.0,492,70.09199
send_actionable,15.27514659,0.7738,pressure_backpressure_cfg006,pressure_backpressure,test_ood_network,0.0,1.0,496,70.86578999999999
send_actionable,14.08404884,0.4454,pressure_backpressure_cfg006,pressure_backpressure,test_ood_network,0.0,1.0,500,71.31119
send_actionable,13.81115609,0.9171,pressure_backpressure_cfg006,pressure_backpressure,test_ood_network,0.0,1.0,504,72.22829
send_actionable,14.17885959,1.3191,pressure_backpressure_cfg006,pressure_backpressure,test_ood_network,0.0,1.0,508,73.54739000000001
send_actionable,13.51332684,0.8152,pressure_backpressure_cfg006,pressure_backpressure,test_ood_network,0.0,1.0,512,74.36259000000001
send_actionable,13.79248184,1.3018,pressure_backpressure_cfg006,pressure_backpressure,test_ood_network,0.0,1.0,516,75.66439000000001
send_actionable,12.81856309,0.52,pressure_backpressure_cfg006,pressure_backpressure,test_ood_network,0.0,1.0,520,76.18439000000001
send_actionable,12.99853559,1.1489,pressure_backpressure_cfg006,pressure_backpressure,test_ood_network,0.0,1.0,524,77.33329
send_actionable,15.73353109,0.0,pressure_backpressure_cfg006,pressure_backpressure,test_ood_network,0.55176,1.5,528,79.54489
send_actionable,16.15716534,0.0,pressure_backpressure_cfg006,pressure_backpressure,test_ood_network,0.35145393,1.0,532,79.54489
send_actionable,18.07068434,0.0,pressure_backpressure_cfg006,pressure_backpressure,test_ood_network,0.35468891,1.0,536,79.54489
send_actionable,17.94272074,0.0,pressure_backpressure_cfg006,pressure_backpressure,test_ood_network,0.26337681,1.0,540,79.54489
send_actionable,16.62662236,0.0,pressure_backpressure_cfg006,pressure_backpressure,test_ood_network,0.40260335,1.0,544,79.54489
send_actionable,17.31988986,0.0,pressure_backpressure_cfg006,pressure_backpressure,test_ood_network,0.30183044,1.0,548,79.54489
send_actionable,17.63769536,0.0,pressure_backpressure_cfg006,pressure_backpressure,test_ood_network,0.66462,0.0,552,79.54489
send_actionable,16.33668909,0.0,pressure_backpressure_cfg006,pressure_backpressure,test_ood_network,0.35066044,1.0,556,79.54489
send_actionable,16.11042234,0.0,pressure_backpressure_cfg006,pressure_backpressure,test_ood_network,0.7543,1.0,560,79.54489
send_actionable,18.63547814,0.0,pressure_backpressure_cfg006,pressure_backpressure,test_ood_network,0.23468919,2.5,564,79.54489
send_actionable,16.89937766,0.0,pressure_backpressure_cfg006,pressure_backpressure,test_ood_network,0.30012139,1.0,568,79.54489
send_actionable,16.91943116,0.0,pressure_backpressure_cfg006,pressure_backpressure,test_ood_network,0.683145,1.0,572,79.54489
send_actionable,0.9184095,0.2602,static_cpb_cfg022,static_cpb,test_ood_network,0.0,1.0,0,0.2602
send_actionable,9.482064,1.2532,static_cpb_cfg022,static_cpb,test_ood_network,0.0,2.5,4,10.2872
send_actionable,16.506038,0.79,static_cpb_cfg022,static_cpb,test_ood_network,0.0,4.0,8,17.367900000000002
send_actionable,27.193016,1.2857,static_cpb_cfg022,static_cpb,test_ood_network,0.0,4.5,12,27.4435
send_actionable,27.7575303,0.6176,static_cpb_cfg022,static_cpb,test_ood_network,0.0,5.0,16,28.347
send_actionable,29.78444455,1.2489,static_cpb_cfg022,static_cpb,test_ood_network,0.0,3.5,20,29.9764
send_actionable,30.78526982,0.6498,static_cpb_cfg022,static_cpb,test_ood_network,0.0,4.0,24,30.8195
send_actionable,32.47966707,1.326,static_cpb_cfg022,static_cpb,test_ood_network,0.0,3.5,28,32.3864
send_actionable,36.83955822,1.3063,static_cpb_cfg022,static_cpb,test_ood_network,0.0,5.0,32,36.605000000000004
send_actionable,40.99848722,0.8754,static_cpb_cfg022,static_cpb,test_ood_network,0.0,4.5,36,41.1022
send_actionable,40.89998185,0.8663,static_cpb_cfg022,static_cpb,test_ood_network,0.0,3.0,40,41.968500000000006
send_actionable,46.5336626,1.5207,static_cpb_cfg022,static_cpb,test_ood_network,0.0,3.5,44,47.4016
send_actionable,47.34956875,0.0,static_cpb_cfg022,static_cpb,test_ood_network,0.79268,4.0,48,47.4016
send_actionable,54.04532025,0.0,static_cpb_cfg022,static_cpb,test_ood_network,0.46284,3.5,52,47.4016
send_actionable,53.8435935,0.0,static_cpb_cfg022,static_cpb,test_ood_network,0.483835,2.0,56,47.4016
send_actionable,53.8552625,0.0,static_cpb_cfg022,static_cpb,test_ood_network,0.49362,0.0,60,47.4016
send_actionable,53.75169575,0.0,static_cpb_cfg022,static_cpb,test_ood_network,0.661485,0.0,64,47.4016
send_actionable,59.85276125,0.0,static_cpb_cfg022,static_cpb,test_ood_network,0.38532,1.0,68,47.4016
send_actionable,60.59101875,0.0,static_cpb_cfg022,static_cpb,test_ood_network,0.372305,1.0,72,47.4016
send_actionable,60.54501875,0.0,static_cpb_cfg022,static_cpb,test_ood_network,0.432155,1.0,76,47.4016
send_actionable,59.9299975,0.0,static_cpb_cfg022,static_cpb,test_ood_network,0.48203,1.0,80,47.4016
send_actionable,60.07469375,0.0,static_cpb_cfg022,static_cpb,test_ood_network,0.385795,1.0,84,47.4016
send_actionable,60.1909645,0.0,static_cpb_cfg022,static_cpb,test_ood_network,0.471295,0.0,88,47.4016
send_actionable,59.68739575,0.0,static_cpb_cfg022,static_cpb,test_ood_network,0.46569,1.0,92,47.4016
send_actionable,59.35448225,0.8731,static_cpb_cfg022,static_cpb,test_ood_network,0.0,1.0,96,48.2747
send_actionable,59.59191925,1.2566,static_cpb_cfg022,static_cpb,test_ood_network,0.0,1.0,100,49.5313
send_actionable,60.52498345,1.1295,static_cpb_cfg022,static_cpb,test_ood_network,0.0,2.5,104,50.6608
send_actionable,61.5672711,1.4156,static_cpb_cfg022,static_cpb,test_ood_network,0.0,4.0,108,52.0764
send_actionable,62.1447098,1.3148,static_cpb_cfg022,static_cpb,test_ood_network,0.0,3.5,112,53.3912
send_actionable,61.9404677,0.5912,static_cpb_cfg022,static_cpb,test_ood_network,0.0,4.0,116,53.9824
send_actionable,63.3060494,1.8708,static_cpb_cfg022,static_cpb,test_ood_network,0.0,3.5,120,55.8532
send_actionable,64.00477705,1.3166,static_cpb_cfg022,static_cpb,test_ood_network,0.0,4.0,124,57.1698
send_actionable,67.2467076,1.0442,static_cpb_cfg022,static_cpb,test_ood_network,0.0,4.5,128,60.375
send_actionable,66.19507885,0.6475,static_cpb_cfg022,static_cpb,test_ood_network,0.0,3.0,132,61.0225
send_actionable,68.2275146,1.3204,static_cpb_cfg022,static_cpb,test_ood_network,0.0,2.5,136,62.6039
send_actionable,68.15686212,0.552,static_cpb_cfg022,static_cpb,test_ood_network,0.0,4.0,140,63.1559
send_actionable,68.71098782,0.0,static_cpb_cfg022,static_cpb,test_ood_network,0.583965,3.5,144,63.1559
send_actionable,74.80673632,0.0,static_cpb_cfg022,static_cpb,test_ood_network,0.504735,3.0,148,63.1559
send_actionable,75.03711807,0.0,static_cpb_cfg022,static_cpb,test_ood_network,0.543875,1.5,152,63.1559
send_actionable,74.83344857,0.0,static_cpb_cfg022,static_cpb,test_ood_network,0.596125,0.0,156,63.1559
send_actionable,74.14490957,0.0,static_cpb_cfg022,static_cpb,test_ood_network,0.35986,0.0,160,63.1559
send_actionable,73.83582032,0.0,static_cpb_cfg022,static_cpb,test_ood_network,0.49324,1.0,164,63.1559
send_actionable,74.41395432,0.0,static_cpb_cfg022,static_cpb,test_ood_network,0.68552,1.0,168,63.1559
send_actionable,74.89392832,0.0,static_cpb_cfg022,static_cpb,test_ood_network,0.390355,1.0,172,63.1559
send_actionable,74.73289707,0.0,static_cpb_cfg022,static_cpb,test_ood_network,0.36062,0.0,176,63.1559
send_actionable,73.45171707,0.0,static_cpb_cfg022,static_cpb,test_ood_network,0.52326,1.0,180,63.1559
send_actionable,73.91850082,0.0,static_cpb_cfg022,static_cpb,test_ood_network,0.371545,1.0,184,63.1559
send_actionable,74.31330057,0.0,static_cpb_cfg022,static_cpb,test_ood_network,0.500745,0.0,188,63.1559
send_actionable,74.79736458,1.2937,static_cpb_cfg022,static_cpb,test_ood_network,0.0,1.0,192,64.4496
send_actionable,75.43398558,1.4676,static_cpb_cfg022,static_cpb,test_ood_network,0.0,1.0,196,65.91720000000001
send_actionable,75.30417125,0.3878,static_cpb_cfg022,static_cpb,test_ood_network,0.0,2.5,200,66.305
send_actionable,75.202854,1.0246,static_cpb_cfg022,static_cpb,test_ood_network,0.0,3.0,204,67.32960000000001
send_actionable,76.76996023,1.3743,static_cpb_cfg022,static_cpb,test_ood_network,0.0,3.5,208,68.89060000000002
send_actionable,78.51027795,0.4251,static_cpb_cfg022,static_cpb,test_ood_network,0.0,5.0,212,70.64320000000002
send_actionable,78.6570192,1.3478,static_cpb_cfg022,static_cpb,test_ood_network,0.0,3.5,216,71.99100000000003
send_actionable,79.4703691,1.51,static_cpb_cfg022,static_cpb,test_ood_network,0.0,3.0,220,73.50100000000003
send_actionable,79.20115735,0.8062,static_cpb_cfg022,static_cpb,test_ood_network,0.0,3.5,224,74.30720000000004
send_actionable,79.49192795,1.3061,static_cpb_cfg022,static_cpb,test_ood_network,0.0,4.0,228,75.61330000000004
send_actionable,79.491102,1.161,static_cpb_cfg022,static_cpb,test_ood_network,0.0,3.5,232,76.77430000000004
send_actionable,80.1171299,1.3199,static_cpb_cfg022,static_cpb,test_ood_network,0.0,3.0,236,78.09420000000004
send_actionable,80.4692914,0.0,static_cpb_cfg022,static_cpb,test_ood_network,0.49818,0.5,240,78.09420000000004
send_actionable,80.73730115,0.0,static_cpb_cfg022,static_cpb,test_ood_network,0.42332,0.0,244,78.09420000000004
send_actionable,80.22156465,0.0,static_cpb_cfg022,static_cpb,test_ood_network,0.589,1.0,248,78.09420000000004
send_actionable,80.1989799,0.0,static_cpb_cfg022,static_cpb,test_ood_network,0.533425,0.0,252,78.09420000000004
send_actionable,80.52588565,0.0,static_cpb_cfg022,static_cpb,test_ood_network,0.395105,0.0,256,78.09420000000004
send_actionable,81.06843665,0.0,static_cpb_cfg022,static_cpb,test_ood_network,0.43472,1.0,260,78.09420000000004
send_actionable,81.1350139,0.0,static_cpb_cfg022,static_cpb,test_ood_network,0.58919,0.0,264,78.09420000000004
send_actionable,81.04678465,0.0,static_cpb_cfg022,static_cpb,test_ood_network,0.62643,0.0,268,78.09420000000004
send_actionable,79.7612079,0.0,static_cpb_cfg022,static_cpb,test_ood_network,0.512525,1.0,272,78.09420000000004
send_actionable,80.25253165,0.0,static_cpb_cfg022,static_cpb,test_ood_network,0.61104,1.0,276,78.09420000000004
send_actionable,79.4632764,0.0,static_cpb_cfg022,static_cpb,test_ood_network,0.611515,1.0,280,78.09420000000004
send_actionable,81.49346265,0.0,static_cpb_cfg022,static_cpb,test_ood_network,0.62681,0.0,284,78.09420000000004
send_actionable,81.47077565,1.0218,static_cpb_cfg022,static_cpb,test_ood_network,0.0,1.0,288,79.11600000000004
send_actionable,81.03356715,0.7362,static_cpb_cfg022,static_cpb,test_ood_network,0.0,1.0,292,79.85220000000004
send_actionable,80.91967315,1.0922,static_cpb_cfg022,static_cpb,test_ood_network,0.0,1.0,296,80.94440000000004
send_actionable,81.1152081,0.3868,static_cpb_cfg022,static_cpb,test_ood_network,0.0,2.5,300,81.53390000000003
send_actionable,82.32791583,1.1888,static_cpb_cfg022,static_cpb,test_ood_network,0.0,4.0,304,82.72270000000003
send_actionable,82.25717133,1.0905,static_cpb_cfg022,static_cpb,test_ood_network,0.0,2.5,308,83.81320000000004
send_actionable,82.07456532,1.2574,static_cpb_cfg022,static_cpb,test_ood_network,0.0,0.0,312,85.07060000000004
send_actionable,82.31267717,0.8968,static_cpb_cfg022,static_cpb,test_ood_network,0.0,1.5,316,85.96740000000004
send_actionable,83.97042802,1.4459,static_cpb_cfg022,static_cpb,test_ood_network,0.0,3.0,320,87.41330000000004
send_actionable,83.30775827,0.906,static_cpb_cfg022,static_cpb,test_ood_network,0.0,1.5,324,88.31930000000004
send_actionable,83.7676606,0.7792,static_cpb_cfg022,static_cpb,test_ood_network,0.0,3.0,328,89.09850000000004
reject,81.2676606,0.0,static_cpb_cfg022,static_cpb,test_ood_network,0.0,0.5,332,89.09850000000004
send_actionable,81.14364385,0.0,static_cpb_cfg022,static_cpb,test_ood_network,0.557175,1.0,336,89.09850000000004
send_actionable,81.36451635,0.0,static_cpb_cfg022,static_cpb,test_ood_network,0.67298,1.0,340,89.09850000000004
send_actionable,81.39315885,0.0,static_cpb_cfg022,static_cpb,test_ood_network,0.46455,1.0,344,89.09850000000004
send_actionable,81.7480811,0.0,static_cpb_cfg022,static_cpb,test_ood_network,0.547295,0.0,348,89.09850000000004
send_actionable,82.09441435,0.0,static_cpb_cfg022,static_cpb,test_ood_network,0.39729,1.0,352,89.09850000000004
send_actionable,82.2843051,0.0,static_cpb_cfg022,static_cpb,test_ood_network,0.52383,1.0,356,89.09850000000004
send_actionable,82.94270535,0.0,static_cpb_cfg022,static_cpb,test_ood_network,0.480795,1.0,360,89.09850000000004
send_actionable,82.26929935,0.0,static_cpb_cfg022,static_cpb,test_ood_network,0.3876,1.0,364,89.09850000000004
send_actionable,82.46563185,0.0,static_cpb_cfg022,static_cpb,test_ood_network,0.481365,1.0,368,89.09850000000004
send_actionable,80.9622626,0.0,static_cpb_cfg022,static_cpb,test_ood_network,0.369455,1.0,372,89.09850000000004
send_actionable,82.2183141,0.0,static_cpb_cfg022,static_cpb,test_ood_network,0.415435,1.0,376,89.09850000000004
send_actionable,82.41965685,0.0,static_cpb_cfg022,static_cpb,test_ood_network,0.587955,1.0,380,89.09850000000004
send_actionable,81.65995185,0.6022,static_cpb_cfg022,static_cpb,test_ood_network,0.0,1.0,384,89.70070000000004
send_actionable,82.4009701,1.5386,static_cpb_cfg022,static_cpb,test_ood_network,0.0,1.0,388,91.23930000000004
send_actionable,83.07870583,1.0255,static_cpb_cfg022,static_cpb,test_ood_network,0.0,2.5,392,92.26480000000004
send_actionable,83.4770741,0.8398,static_cpb_cfg022,static_cpb,test_ood_network,0.0,4.0,396,93.10460000000003
send_actionable,83.62831435,1.1385,static_cpb_cfg022,static_cpb,test_ood_network,0.0,2.5,400,94.24310000000003
send_actionable,83.23977685,0.9695,static_cpb_cfg022,static_cpb,test_ood_network,0.0,1.0,404,95.21260000000002
send_actionable,84.44134955,1.4333,static_cpb_cfg022,static_cpb,test_ood_network,0.0,2.5,408,96.64590000000003
send_actionable,85.67730893,1.294,static_cpb_cfg022,static_cpb,test_ood_network,0.0,4.0,412,97.93990000000002
send_actionable,84.45297993,0.5949,static_cpb_cfg022,static_cpb,test_ood_network,0.0,2.5,416,98.53480000000002
send_actionable,84.26314485,0.6829,static_cpb_cfg022,static_cpb,test_ood_network,0.0,4.0,420,99.21770000000002
send_actionable,83.74986235,0.6705,static_cpb_cfg022,static_cpb,test_ood_network,0.0,2.5,424,99.88820000000003
send_actionable,84.58436778,0.8067,static_cpb_cfg022,static_cpb,test_ood_network,0.0,4.0,428,100.69490000000003
reject,82.08436778,0.0,static_cpb_cfg022,static_cpb,test_ood_network,0.0,1.5,432,100.69490000000003
send_actionable,81.97078053,0.0,static_cpb_cfg022,static_cpb,test_ood_network,0.58007,1.0,436,100.69490000000003
send_actionable,81.79676353,0.0,static_cpb_cfg022,static_cpb,test_ood_network,0.486875,0.0,440,100.69490000000003
send_actionable,81.92857628,0.0,static_cpb_cfg022,static_cpb,test_ood_network,0.40508,0.0,444,100.69490000000003
send_actionable,82.44955253,0.0,static_cpb_cfg022,static_cpb,test_ood_network,0.438045,1.0,448,100.69490000000003
send_actionable,82.73382003,0.0,static_cpb_cfg022,static_cpb,test_ood_network,0.397005,1.0,452,100.69490000000003
send_actionable,83.06737203,0.0,static_cpb_cfg022,static_cpb,test_ood_network,0.40546,1.0,456,100.69490000000003
send_actionable,83.03302853,0.0,static_cpb_cfg022,static_cpb,test_ood_network,0.690935,0.0,460,100.69490000000003
send_actionable,83.05706978,0.0,static_cpb_cfg022,static_cpb,test_ood_network,0.486115,1.0,464,100.69490000000003
send_actionable,81.90503152,0.0,static_cpb_cfg022,static_cpb,test_ood_network,0.4465,1.0,468,100.69490000000003
send_actionable,82.09011652,0.0,static_cpb_cfg022,static_cpb,test_ood_network,0.393015,0.0,472,100.69490000000003
send_actionable,81.20280352,0.0,static_cpb_cfg022,static_cpb,test_ood_network,0.683905,1.0,476,100.69490000000003
verify_first,78.8821398,0.0,static_cpb_cfg022,static_cpb,test_ood_network,0.0,1.0,480,100.69490000000003
send_actionable,78.29685285,0.3785,static_cpb_cfg022,static_cpb,test_ood_network,0.0,2.5,484,101.07340000000003
send_actionable,78.9922676,1.7285,static_cpb_cfg022,static_cpb,test_ood_network,0.0,1.0,488,102.80190000000003
send_actionable,79.74906302,0.9491,static_cpb_cfg022,static_cpb,test_ood_network,0.0,1.5,492,103.75100000000003
send_actionable,79.04375502,0.7738,static_cpb_cfg022,static_cpb,test_ood_network,0.0,1.0,496,104.52480000000003
send_actionable,78.59409247,0.4454,static_cpb_cfg022,static_cpb,test_ood_network,0.0,2.5,500,104.97020000000003
reject,76.09409247,0.0,static_cpb_cfg022,static_cpb,test_ood_network,0.0,0.0,504,104.97020000000003
send_actionable,76.46179597,1.3191,static_cpb_cfg022,static_cpb,test_ood_network,0.0,1.0,508,106.28930000000004
send_actionable,76.81197382,0.8152,static_cpb_cfg022,static_cpb,test_ood_network,0.0,2.5,512,107.10450000000004
send_actionable,77.09112882,1.3018,static_cpb_cfg022,static_cpb,test_ood_network,0.0,1.0,516,108.40630000000004
send_actionable,77.17187793,0.52,static_cpb_cfg022,static_cpb,test_ood_network,0.0,2.5,520,108.92630000000004
send_actionable,77.35185043,1.1489,static_cpb_cfg022,static_cpb,test_ood_network,0.0,1.0,524,110.07520000000004
send_actionable,76.17292043,0.0,static_cpb_cfg022,static_cpb,test_ood_network,0.55176,1.0,528,110.07520000000004
send_actionable,76.08806543,0.0,static_cpb_cfg022,static_cpb,test_ood_network,0.54701,1.0,532,110.07520000000004
send_actionable,83.39588543,0.0,static_cpb_cfg022,static_cpb,test_ood_network,0.552045,1.0,536,110.07520000000004
send_actionable,83.66420193,0.0,static_cpb_cfg022,static_cpb,test_ood_network,0.409925,1.0,540,110.07520000000004
send_actionable,83.79509443,0.0,static_cpb_cfg022,static_cpb,test_ood_network,0.62662,1.0,544,110.07520000000004
send_actionable,84.44899568,0.0,static_cpb_cfg022,static_cpb,test_ood_network,0.469775,1.0,548,110.07520000000004
send_actionable,84.76680118,0.0,static_cpb_cfg022,static_cpb,test_ood_network,0.66462,0.0,552,110.07520000000004
send_actionable,84.93123168,0.0,static_cpb_cfg022,static_cpb,test_ood_network,0.545775,1.0,556,110.07520000000004
send_actionable,84.70496493,0.0,static_cpb_cfg022,static_cpb,test_ood_network,0.7543,1.0,560,110.07520000000004
reject,83.72910343,0.0,static_cpb_cfg022,static_cpb,test_ood_network,0.0,0.0,564,110.07520000000004
send_actionable,82.92665793,0.0,static_cpb_cfg022,static_cpb,test_ood_network,0.467115,1.0,568,110.07520000000004
send_actionable,82.94671143,0.0,static_cpb_cfg022,static_cpb,test_ood_network,0.683145,1.0,572,110.07520000000004
send_actionable,0.9184095,0.2602,closed_loop_cpb_cfg002,closed_loop_cpb,test_ood_network,0.0,1.0,0,0.2602
send_actionable,9.482064,1.2532,closed_loop_cpb_cfg002,closed_loop_cpb,test_ood_network,0.0,2.5,4,10.2872
send_actionable,16.506038,0.79,closed_loop_cpb_cfg002,closed_loop_cpb,test_ood_network,0.0,4.0,8,17.367900000000002
send_actionable,25.44768519,1.2857,closed_loop_cpb_cfg002,closed_loop_cpb,test_ood_network,0.0,3.75,12,27.16294
send_actionable,26.56631269,0.6176,closed_loop_cpb_cfg002,closed_loop_cpb,test_ood_network,0.0,2.75,16,29.96126
send_actionable,27.22493789,1.2489,closed_loop_cpb_cfg002,closed_loop_cpb,test_ood_network,0.0,3.25,20,31.21016
send_actionable,28.24699026,0.6498,closed_loop_cpb_cfg002,closed_loop_cpb,test_ood_network,0.0,3.0,24,33.28401999999999
send_actionable,29.78424971,1.326,closed_loop_cpb_cfg002,closed_loop_cpb,test_ood_network,0.0,3.0,28,35.55751999999999
send_actionable,33.55953671,1.3063,closed_loop_cpb_cfg002,closed_loop_cpb,test_ood_network,0.0,3.0,32,40.52735999999999
send_actionable,37.42516159,0.8754,closed_loop_cpb_cfg002,closed_loop_cpb,test_ood_network,0.0,2.0,36,45.90193999999998
send_actionable,37.87350966,0.8663,closed_loop_cpb_cfg002,closed_loop_cpb,test_ood_network,0.0,2.5,40,46.768239999999984
send_actionable,38.12117166,1.5207,closed_loop_cpb_cfg002,closed_loop_cpb,test_ood_network,0.0,1.0,44,48.28893999999998
send_actionable,39.21184401,0.0,closed_loop_cpb_cfg002,closed_loop_cpb,test_ood_network,0.79268,2.5,48,48.28893999999998
defer,36.71184401,0.0,closed_loop_cpb_cfg002,closed_loop_cpb,test_ood_network,0.0,0.0,52,48.28893999999998
send_informational_only,34.78641232,0.0,closed_loop_cpb_cfg002,closed_loop_cpb,test_ood_network,0.26610925,0.25,56,48.28893999999998
send_informational_only,35.22773582,0.0,closed_loop_cpb_cfg002,closed_loop_cpb,test_ood_network,0.271491,0.0,60,48.28893999999998
send_actionable,36.04873914,0.0,closed_loop_cpb_cfg002,closed_loop_cpb,test_ood_network,0.661485,0.0,64,48.28893999999998
defer,38.21512239,0.0,closed_loop_cpb_cfg002,closed_loop_cpb,test_ood_network,0.0,0.0,68,48.28893999999998
send_informational_only,36.52468676,0.0,closed_loop_cpb_cfg002,closed_loop_cpb,test_ood_network,0.20476775,0.25,72,48.28893999999998
send_informational_only,34.63818676,0.0,closed_loop_cpb_cfg002,closed_loop_cpb,test_ood_network,0.23768525,0.25,76,48.28893999999998
send_actionable,35.90413095,0.0,closed_loop_cpb_cfg002,closed_loop_cpb,test_ood_network,0.48203,1.0,80,48.28893999999998
send_informational_only,34.5365497,0.0,closed_loop_cpb_cfg002,closed_loop_cpb,test_ood_network,0.21218725,0.25,84,48.28893999999998
send_informational_only,34.94088426,0.0,closed_loop_cpb_cfg002,closed_loop_cpb,test_ood_network,0.25921225,0.0,88,48.28893999999998
send_actionable,36.57623214,0.0,closed_loop_cpb_cfg002,closed_loop_cpb,test_ood_network,0.46569,1.0,92,48.28893999999998
send_actionable,36.24331864,0.8731,closed_loop_cpb_cfg002,closed_loop_cpb,test_ood_network,0.0,1.0,96,49.16203999999998
send_actionable,36.48075564,1.2566,closed_loop_cpb_cfg002,closed_loop_cpb,test_ood_network,0.0,1.0,100,50.41863999999998
send_informational_only,35.59172484,0.2259,closed_loop_cpb_cfg002,closed_loop_cpb,test_ood_network,0.0,1.75,104,50.644539999999985
send_informational_only,34.81179479,0.28312,closed_loop_cpb_cfg002,closed_loop_cpb,test_ood_network,0.0,1.75,108,51.36299999999998
send_informational_only,34.56351361,0.26296,closed_loop_cpb_cfg002,closed_loop_cpb,test_ood_network,0.0,1.0,112,52.937259999999974
send_actionable,36.16805356,0.5912,closed_loop_cpb_cfg002,closed_loop_cpb,test_ood_network,0.0,1.0,116,55.677619999999976
send_actionable,38.12449711,1.8708,closed_loop_cpb_cfg002,closed_loop_cpb,test_ood_network,0.0,2.5,120,57.54841999999998
send_actionable,39.37370809,1.3166,closed_loop_cpb_cfg002,closed_loop_cpb,test_ood_network,0.0,4.0,124,58.86501999999998
send_actionable,42.80999544,1.0442,closed_loop_cpb_cfg002,closed_loop_cpb,test_ood_network,0.0,5.5,128,62.07021999999998
verify_first,40.45483256,0.0,closed_loop_cpb_cfg002,closed_loop_cpb,test_ood_network,0.0,4.0,132,62.07021999999998
verify_first,39.10981789,0.0,closed_loop_cpb_cfg002,closed_loop_cpb,test_ood_network,0.0,5.5,136,62.07021999999998
send_actionable,38.41826251,0.552,closed_loop_cpb_cfg002,closed_loop_cpb,test_ood_network,0.0,5.0,140,62.62221999999998
send_actionable,39.11647891,0.0,closed_loop_cpb_cfg002,closed_loop_cpb,test_ood_network,0.583965,5.5,144,62.62221999999998
defer,45.45629816,0.0,closed_loop_cpb_cfg002,closed_loop_cpb,test_ood_network,0.0,4.0,148,62.62221999999998
defer,42.95629816,0.0,closed_loop_cpb_cfg002,closed_loop_cpb,test_ood_network,0.0,1.5,152,62.62221999999998
defer,40.45629816,0.0,closed_loop_cpb_cfg002,closed_loop_cpb,test_ood_network,0.0,0.0,156,62.62221999999998
defer,37.95629816,0.0,closed_loop_cpb_cfg002,closed_loop_cpb,test_ood_network,0.0,0.0,160,62.62221999999998
send_informational_only,36.00402585,0.0,closed_loop_cpb_cfg002,closed_loop_cpb,test_ood_network,0.271282,0.25,164,62.62221999999998
send_actionable,36.58215985,0.0,closed_loop_cpb_cfg002,closed_loop_cpb,test_ood_network,0.68552,1.0,168,62.62221999999998
send_informational_only,34.82715335,0.0,closed_loop_cpb_cfg002,closed_loop_cpb,test_ood_network,0.21469525,0.25,172,62.62221999999998
send_informational_only,34.95881272,0.0,closed_loop_cpb_cfg002,closed_loop_cpb,test_ood_network,0.198341,0.0,176,62.62221999999998
send_actionable,35.65831747,0.0,closed_loop_cpb_cfg002,closed_loop_cpb,test_ood_network,0.52326,1.0,180,62.62221999999998
send_informational_only,34.50620254,0.0,closed_loop_cpb_cfg002,closed_loop_cpb,test_ood_network,0.20434975,0.25,184,62.62221999999998
send_actionable,35.5571661,0.0,closed_loop_cpb_cfg002,closed_loop_cpb,test_ood_network,0.500745,0.0,188,62.62221999999998
send_actionable,37.05189466,1.2937,closed_loop_cpb_cfg002,closed_loop_cpb,test_ood_network,0.0,1.0,192,63.91591999999998
send_actionable,42.97811266,1.4676,closed_loop_cpb_cfg002,closed_loop_cpb,test_ood_network,0.0,1.0,196,69.05311999999998
send_actionable,42.84829834,0.3878,closed_loop_cpb_cfg002,closed_loop_cpb,test_ood_network,0.0,2.5,200,69.44091999999998
verify_first,41.06853711,0.0,closed_loop_cpb_cfg002,closed_loop_cpb,test_ood_network,0.0,4.0,204,69.44091999999998
verify_first,39.41654749,0.0,closed_loop_cpb_cfg002,closed_loop_cpb,test_ood_network,0.0,5.5,208,69.44091999999998
verify_first,37.45746021,0.0,closed_loop_cpb_cfg002,closed_loop_cpb,test_ood_network,0.0,5.0,212,69.44091999999998
send_informational_only,35.98096737,0.26956,closed_loop_cpb_cfg002,closed_loop_cpb,test_ood_network,0.0,4.75,216,69.71047999999998
send_informational_only,35.64582994,0.302,closed_loop_cpb_cfg002,closed_loop_cpb,test_ood_network,0.0,4.25,220,71.03387999999998
send_informational_only,35.20748646,0.16124,closed_loop_cpb_cfg002,closed_loop_cpb,test_ood_network,0.0,4.0,224,72.32365999999999
send_actionable,36.40308776,1.3061,closed_loop_cpb_cfg002,closed_loop_cpb,test_ood_network,0.0,4.0,228,74.62867999999999
send_informational_only,35.18648886,0.2322,closed_loop_cpb_cfg002,closed_loop_cpb,test_ood_network,0.0,4.75,232,74.86088
send_informational_only,34.65451506,0.26398,closed_loop_cpb_cfg002,closed_loop_cpb,test_ood_network,0.0,3.75,236,76.07878
send_informational_only,34.39263975,0.0,closed_loop_cpb_cfg002,closed_loop_cpb,test_ood_network,0.273999,1.5,240,77.3107
send_informational_only,34.96913775,0.0,closed_loop_cpb_cfg002,closed_loop_cpb,test_ood_network,0.232826,0.0,244,77.3107
send_actionable,36.65512494,0.0,closed_loop_cpb_cfg002,closed_loop_cpb,test_ood_network,0.589,1.0,248,77.3107
defer,36.29961419,0.0,closed_loop_cpb_cfg002,closed_loop_cpb,test_ood_network,0.0,0.0,252,77.3107
send_informational_only,34.50634062,0.0,closed_loop_cpb_cfg002,closed_loop_cpb,test_ood_network,0.21730775,0.0,256,77.3107
send_informational_only,35.29700125,0.0,closed_loop_cpb_cfg002,closed_loop_cpb,test_ood_network,0.239096,0.25,260,77.3107
send_informational_only,34.51745975,0.0,closed_loop_cpb_cfg002,closed_loop_cpb,test_ood_network,0.3240545,0.0,264,77.3107
send_informational_only,34.78904825,0.0,closed_loop_cpb_cfg002,closed_loop_cpb,test_ood_network,0.3445365,0.0,268,77.3107
send_informational_only,34.72645819,0.0,closed_loop_cpb_cfg002,closed_loop_cpb,test_ood_network,0.28188875,0.25,272,77.3107
send_actionable,36.69130669,0.0,closed_loop_cpb_cfg002,closed_loop_cpb,test_ood_network,0.61104,1.0,276,77.3107
send_actionable,44.52101069,0.0,closed_loop_cpb_cfg002,closed_loop_cpb,test_ood_network,0.611515,1.0,280,77.3107
defer,44.00343369,0.0,closed_loop_cpb_cfg002,closed_loop_cpb,test_ood_network,0.0,0.0,284,77.3107
send_actionable,43.98074669,1.0218,closed_loop_cpb_cfg002,closed_loop_cpb,test_ood_network,0.0,1.0,288,78.3325
send_actionable,47.02290119,0.7362,closed_loop_cpb_cfg002,closed_loop_cpb,test_ood_network,0.0,1.0,292,82.50789999999999
send_actionable,46.90900719,1.0922,closed_loop_cpb_cfg002,closed_loop_cpb,test_ood_network,0.0,1.0,296,83.6001
verify_first,46.36797404,0.0,closed_loop_cpb_cfg002,closed_loop_cpb,test_ood_network,0.0,2.5,300,85.0958
defer,44.79457376,0.0,closed_loop_cpb_cfg002,closed_loop_cpb,test_ood_network,0.0,3.0,304,85.0958
verify_first,42.53749931,0.0,closed_loop_cpb_cfg002,closed_loop_cpb,test_ood_network,0.0,1.5,308,85.0958
verify_first,41.18023509,0.0,closed_loop_cpb_cfg002,closed_loop_cpb,test_ood_network,0.0,3.0,312,85.0958
verify_first,39.71662064,0.0,closed_loop_cpb_cfg002,closed_loop_cpb,test_ood_network,0.0,4.5,316,85.0958
verify_first,38.09786226,0.0,closed_loop_cpb_cfg002,closed_loop_cpb,test_ood_network,0.0,5.0,320,85.0958
verify_first,36.31352024,0.0,closed_loop_cpb_cfg002,closed_loop_cpb,test_ood_network,0.0,5.5,324,85.0958
send_informational_only,34.6671697,0.15584,closed_loop_cpb_cfg002,closed_loop_cpb,test_ood_network,0.0,4.25,328,85.25164
send_actionable,36.5429789,1.1868,closed_loop_cpb_cfg002,closed_loop_cpb,test_ood_network,0.0,4.25,332,87.3618
send_actionable,36.84335077,0.0,closed_loop_cpb_cfg002,closed_loop_cpb,test_ood_network,0.557175,4.75,336,87.3618
send_actionable,37.06422327,0.0,closed_loop_cpb_cfg002,closed_loop_cpb,test_ood_network,0.67298,3.25,340,87.3618
defer,43.15526827,0.0,closed_loop_cpb_cfg002,closed_loop_cpb,test_ood_network,0.0,2.75,344,87.3618
defer,40.65526827,0.0,closed_loop_cpb_cfg002,closed_loop_cpb,test_ood_network,0.0,0.25,348,87.3618
defer,38.15526827,0.0,closed_loop_cpb_cfg002,closed_loop_cpb,test_ood_network,0.0,0.0,352,87.3618
send_informational_only,36.32774096,0.0,closed_loop_cpb_cfg002,closed_loop_cpb,test_ood_network,0.2881065,0.25,356,87.3618
send_informational_only,34.61734102,0.0,closed_loop_cpb_cfg002,closed_loop_cpb,test_ood_network,0.26443725,0.25,360,87.3618
send_informational_only,34.62543127,0.0,closed_loop_cpb_cfg002,closed_loop_cpb,test_ood_network,0.21318,0.25,364,87.3618
send_informational_only,33.79364002,0.0,closed_loop_cpb_cfg002,closed_loop_cpb,test_ood_network,0.26475075,0.25,368,87.3618
send_informational_only,33.7316379,0.0,closed_loop_cpb_cfg002,closed_loop_cpb,test_ood_network,0.20320025,0.25,372,87.3618
send_informational_only,33.77566902,0.0,closed_loop_cpb_cfg002,closed_loop_cpb,test_ood_network,0.22848925,0.25,376,87.3618
send_actionable,35.61004652,0.0,closed_loop_cpb_cfg002,closed_loop_cpb,test_ood_network,0.587955,1.0,380,87.3618
send_actionable,38.15966277,0.6022,closed_loop_cpb_cfg002,closed_loop_cpb,test_ood_network,0.0,1.0,384,87.964
send_actionable,38.90068102,1.5386,closed_loop_cpb_cfg002,closed_loop_cpb,test_ood_network,0.0,1.0,388,89.5026
send_actionable,39.57841675,1.0255,closed_loop_cpb_cfg002,closed_loop_cpb,test_ood_network,0.0,2.5,392,90.5281
defer,39.73687585,0.0,closed_loop_cpb_cfg002,closed_loop_cpb,test_ood_network,0.0,3.0,396,92.6579
defer,37.23687585,0.0,closed_loop_cpb_cfg002,closed_loop_cpb,test_ood_network,0.0,0.5,400,92.6579
send_actionable,36.84833835,0.9695,closed_loop_cpb_cfg002,closed_loop_cpb,test_ood_network,0.0,1.0,404,93.6274
verify_first,35.72646385,0.0,closed_loop_cpb_cfg002,closed_loop_cpb,test_ood_network,0.0,2.5,408,93.6274
send_informational_only,34.69331679,0.2588,closed_loop_cpb_cfg002,closed_loop_cpb,test_ood_network,0.0,3.25,412,93.88619999999999
send_actionable,35.13584172,0.5949,closed_loop_cpb_cfg002,closed_loop_cpb,test_ood_network,0.0,2.0,416,95.80499999999999
send_informational_only,34.31571209,0.13658,closed_loop_cpb_cfg002,closed_loop_cpb,test_ood_network,0.0,1.75,420,96.86581999999999
send_informational_only,33.74583932,0.1341,closed_loop_cpb_cfg002,closed_loop_cpb,test_ood_network,0.0,1.0,424,98.07861999999999
send_actionable,35.5904725,0.8067,closed_loop_cpb_cfg002,closed_loop_cpb,test_ood_network,0.0,1.0,428,100.33555999999999
send_informational_only,35.24723175,0.0,closed_loop_cpb_cfg002,closed_loop_cpb,test_ood_network,0.16693875,1.0,432,101.04372
send_informational_only,34.39657537,0.0,closed_loop_cpb_cfg002,closed_loop_cpb,test_ood_network,0.3190385,0.25,436,101.04372
send_actionable,39.27613681,0.0,closed_loop_cpb_cfg002,closed_loop_cpb,test_ood_network,0.486875,0.0,440,101.04372
defer,36.77613681,0.0,closed_loop_cpb_cfg002,closed_loop_cpb,test_ood_network,0.0,0.0,444,101.04372
send_informational_only,35.03138087,0.0,closed_loop_cpb_cfg002,closed_loop_cpb,test_ood_network,0.24092475,0.25,448,101.04372
send_informational_only,34.21275431,0.0,closed_loop_cpb_cfg002,closed_loop_cpb,test_ood_network,0.21835275,0.25,452,101.04372
send_informational_only,34.56225731,0.0,closed_loop_cpb_cfg002,closed_loop_cpb,test_ood_network,0.223003,0.25,456,101.04372
send_informational_only,34.87827344,0.0,closed_loop_cpb_cfg002,closed_loop_cpb,test_ood_network,0.38001425,0.0,460,101.04372
send_informational_only,34.96535181,0.0,closed_loop_cpb_cfg002,closed_loop_cpb,test_ood_network,0.26736325,0.25,464,101.04372
send_informational_only,34.95138162,0.0,closed_loop_cpb_cfg002,closed_loop_cpb,test_ood_network,0.245575,0.25,468,101.04372
send_informational_only,33.79663375,0.0,closed_loop_cpb_cfg002,closed_loop_cpb,test_ood_network,0.21615825,0.0,472,101.04372
send_actionable,35.24816169,0.0,closed_loop_cpb_cfg002,closed_loop_cpb,test_ood_network,0.683905,1.0,476,101.04372
verify_first,33.96111765,0.0,closed_loop_cpb_cfg002,closed_loop_cpb,test_ood_network,0.0,1.0,480,101.04372
send_actionable,33.3758307,0.3785,closed_loop_cpb_cfg002,closed_loop_cpb,test_ood_network,0.0,2.5,484,101.42222
send_actionable,36.80109039,1.7285,closed_loop_cpb_cfg002,closed_loop_cpb,test_ood_network,0.0,1.5,488,105.1639
send_informational_only,35.82428819,0.18982,closed_loop_cpb_cfg002,closed_loop_cpb,test_ood_network,0.0,2.0,492,105.35372
send_actionable,35.92690856,0.7738,closed_loop_cpb_cfg002,closed_loop_cpb,test_ood_network,0.0,1.0,496,106.92837999999999
defer,34.71975756,0.0,closed_loop_cpb_cfg002,closed_loop_cpb,test_ood_network,0.0,0.75,500,107.90813999999999
defer,33.91498587,0.0,closed_loop_cpb_cfg002,closed_loop_cpb,test_ood_network,0.0,0.0,504,109.27981999999999
send_informational_only,33.44186206,0.26382,closed_loop_cpb_cfg002,closed_loop_cpb,test_ood_network,0.0,0.25,508,110.54859999999998
verify_first,33.38835691,0.0,closed_loop_cpb_cfg002,closed_loop_cpb,test_ood_network,0.0,1.0,512,112.53735999999998
send_informational_only,33.82064151,0.26036,closed_loop_cpb_cfg002,closed_loop_cpb,test_ood_network,0.0,0.25,516,114.50023999999998
send_informational_only,34.05090056,0.104,closed_loop_cpb_cfg002,closed_loop_cpb,test_ood_network,0.0,0.25,520,116.46941999999999
send_actionable,35.77998612,1.1489,closed_loop_cpb_cfg002,closed_loop_cpb,test_ood_network,0.0,1.0,524,118.77319999999997
send_actionable,38.21175925,0.0,closed_loop_cpb_cfg002,closed_loop_cpb,test_ood_network,0.55176,1.0,528,121.75555999999997
send_actionable,42.20872425,0.0,closed_loop_cpb_cfg002,closed_loop_cpb,test_ood_network,0.54701,1.0,532,121.75555999999997
defer,39.70872425,0.0,closed_loop_cpb_cfg002,closed_loop_cpb,test_ood_network,0.0,0.0,536,121.75555999999997
defer,39.71159975,0.0,closed_loop_cpb_cfg002,closed_loop_cpb,test_ood_network,0.0,0.0,540,121.75555999999997
send_actionable,39.84249225,0.0,closed_loop_cpb_cfg002,closed_loop_cpb,test_ood_network,0.62662,1.0,544,121.75555999999997
defer,41.284741,0.0,closed_loop_cpb_cfg002,closed_loop_cpb,test_ood_network,0.0,0.0,548,121.75555999999997
defer,38.784741,0.0,closed_loop_cpb_cfg002,closed_loop_cpb,test_ood_network,0.0,0.0,552,121.75555999999997
defer,36.284741,0.0,closed_loop_cpb_cfg002,closed_loop_cpb,test_ood_network,0.0,0.0,556,121.75555999999997
send_informational_only,34.35317431,0.0,closed_loop_cpb_cfg002,closed_loop_cpb,test_ood_network,0.414865,0.25,560,121.75555999999997
send_informational_only,33.84817406,0.0,closed_loop_cpb_cfg002,closed_loop_cpb,test_ood_network,0.20090125,0.25,564,121.75555999999997
send_informational_only,34.19803494,0.0,closed_loop_cpb_cfg002,closed_loop_cpb,test_ood_network,0.25691325,0.25,568,121.75555999999997
send_actionable,36.25646775,0.0,closed_loop_cpb_cfg002,closed_loop_cpb,test_ood_network,0.683145,1.0,572,121.75555999999997
send_actionable,0.9184095,0.2602,progress_guarded_cpb_cfg011,progress_guarded_cpb,test_ood_network,0.0,1.0,0,0.2602
send_actionable,9.482064,1.2532,progress_guarded_cpb_cfg011,progress_guarded_cpb,test_ood_network,0.0,2.5,4,10.2872
send_actionable,14.40832812,0.79,progress_guarded_cpb_cfg011,progress_guarded_cpb,test_ood_network,0.0,3.25,8,14.561500000000002
send_actionable,25.09530613,1.2857,progress_guarded_cpb_cfg011,progress_guarded_cpb,test_ood_network,0.0,3.75,12,24.6371
send_actionable,27.43541212,0.6176,progress_guarded_cpb_cfg011,progress_guarded_cpb,test_ood_network,0.0,3.5,16,27.664140000000003
send_actionable,28.09403732,1.2489,progress_guarded_cpb_cfg011,progress_guarded_cpb,test_ood_network,0.0,4.0,20,28.913040000000002
send_actionable,29.1160897,0.6498,progress_guarded_cpb_cfg011,progress_guarded_cpb,test_ood_network,0.0,3.75,24,30.986900000000002
send_actionable,30.65334915,1.326,progress_guarded_cpb_cfg011,progress_guarded_cpb,test_ood_network,0.0,3.75,28,33.260400000000004
send_actionable,33.7215774,1.3063,progress_guarded_cpb_cfg011,progress_guarded_cpb,test_ood_network,0.0,3.75,32,36.29880000000001
send_actionable,36.31518671,0.8754,progress_guarded_cpb_cfg011,progress_guarded_cpb,test_ood_network,0.0,3.5,36,39.17898
send_actionable,37.90433804,0.8663,progress_guarded_cpb_cfg011,progress_guarded_cpb,test_ood_network,0.0,2.25,40,41.8436
send_actionable,40.14218381,1.5207,progress_guarded_cpb_cfg011,progress_guarded_cpb,test_ood_network,0.0,2.25,44,44.97254
send_actionable,42.19519226,0.0,progress_guarded_cpb_cfg011,progress_guarded_cpb,test_ood_network,0.79268,2.25,48,46.56884
send_informational_only,43.01476408,0.0,progress_guarded_cpb_cfg011,progress_guarded_cpb,test_ood_network,0.254562,0.25,52,46.56884
send_informational_only,43.32339264,0.0,progress_guarded_cpb_cfg011,progress_guarded_cpb,test_ood_network,0.26610925,0.25,56,46.56884
send_informational_only,43.76471614,0.0,progress_guarded_cpb_cfg011,progress_guarded_cpb,test_ood_network,0.271491,0.0,60,46.56884
send_actionable,45.7811242,0.0,progress_guarded_cpb_cfg011,progress_guarded_cpb,test_ood_network,0.661485,0.0,64,46.56884
send_informational_only,45.97124501,0.0,progress_guarded_cpb_cfg011,progress_guarded_cpb,test_ood_network,0.211926,0.25,68,46.56884
send_informational_only,46.42407164,0.0,progress_guarded_cpb_cfg011,progress_guarded_cpb,test_ood_network,0.20476775,0.25,72,46.56884
send_informational_only,46.66631439,0.0,progress_guarded_cpb_cfg011,progress_guarded_cpb,test_ood_network,0.23768525,0.25,76,46.56884
send_actionable,47.93225858,0.0,progress_guarded_cpb_cfg011,progress_guarded_cpb,test_ood_network,0.48203,1.0,80,46.56884
send_informational_only,47.01398939,0.0,progress_guarded_cpb_cfg011,progress_guarded_cpb,test_ood_network,0.21218725,0.25,84,46.56884
send_informational_only,47.41832395,0.0,progress_guarded_cpb_cfg011,progress_guarded_cpb,test_ood_network,0.25921225,0.0,88,46.56884
send_informational_only,47.55634839,0.0,progress_guarded_cpb_cfg011,progress_guarded_cpb,test_ood_network,0.2561295,0.25,92,46.56884
send_actionable,48.6063917,0.8731,progress_guarded_cpb_cfg011,progress_guarded_cpb,test_ood_network,0.0,1.0,96,47.44194
send_actionable,50.66078564,1.2566,progress_guarded_cpb_cfg011,progress_guarded_cpb,test_ood_network,0.0,1.0,100,50.048719999999996
send_informational_only,51.01936844,0.2259,progress_guarded_cpb_cfg011,progress_guarded_cpb,test_ood_network,0.0,0.25,104,52.04134
send_informational_only,50.87993239,0.28312,progress_guarded_cpb_cfg011,progress_guarded_cpb,test_ood_network,0.0,0.25,108,53.584439999999994
send_informational_only,50.63165121,0.26296,progress_guarded_cpb_cfg011,progress_guarded_cpb,test_ood_network,0.0,0.25,112,55.15869999999999
send_actionable,52.23619116,0.5912,progress_guarded_cpb_cfg011,progress_guarded_cpb,test_ood_network,0.0,1.0,116,57.89905999999999
send_actionable,55.37494124,1.8708,progress_guarded_cpb_cfg011,progress_guarded_cpb,test_ood_network,0.0,1.0,120,61.49838
send_actionable,58.13756469,1.3166,progress_guarded_cpb_cfg011,progress_guarded_cpb,test_ood_network,0.0,1.0,124,65.31904
send_informational_only,57.83630268,0.20884,progress_guarded_cpb_cfg011,progress_guarded_cpb,test_ood_network,0.0,0.25,128,66.43686
send_informational_only,57.69937686,0.1295,progress_guarded_cpb_cfg011,progress_guarded_cpb,test_ood_network,0.0,0.25,132,68.16211999999999
send_informational_only,57.82335726,0.26408,progress_guarded_cpb_cfg011,progress_guarded_cpb,test_ood_network,0.0,0.25,136,69.89169999999999
send_actionable,58.94321688,0.552,progress_guarded_cpb_cfg011,progress_guarded_cpb,test_ood_network,0.0,1.0,140,72.45714
send_actionable,61.22718251,0.0,progress_guarded_cpb_cfg011,progress_guarded_cpb,test_ood_network,0.583965,1.0,144,74.39797999999999
send_informational_only,61.89836401,0.0,progress_guarded_cpb_cfg011,progress_guarded_cpb,test_ood_network,0.27760425,0.25,148,74.39797999999999
send_informational_only,62.15425714,0.0,progress_guarded_cpb_cfg011,progress_guarded_cpb,test_ood_network,0.29913125,0.25,152,74.39797999999999
send_informational_only,62.39108064,0.0,progress_guarded_cpb_cfg011,progress_guarded_cpb,test_ood_network,0.32786875,0.0,156,74.39797999999999
send_informational_only,62.30673689,0.0,progress_guarded_cpb_cfg011,progress_guarded_cpb,test_ood_network,0.197923,0.0,160,74.39797999999999
send_informational_only,61.72032008,0.0,progress_guarded_cpb_cfg011,progress_guarded_cpb,test_ood_network,0.271282,0.25,164,74.39797999999999
send_informational_only,61.8923682,0.0,progress_guarded_cpb_cfg011,progress_guarded_cpb,test_ood_network,0.377036,0.25,168,74.39797999999999
send_informational_only,62.37303239,0.0,progress_guarded_cpb_cfg011,progress_guarded_cpb,test_ood_network,0.21469525,0.25,172,74.39797999999999
send_informational_only,62.50469176,0.0,progress_guarded_cpb_cfg011,progress_guarded_cpb,test_ood_network,0.198341,0.0,176,74.39797999999999
send_informational_only,62.29008151,0.0,progress_guarded_cpb_cfg011,progress_guarded_cpb,test_ood_network,0.287793,0.25,180,74.39797999999999
send_informational_only,62.42782476,0.0,progress_guarded_cpb_cfg011,progress_guarded_cpb,test_ood_network,0.20434975,0.25,184,74.39797999999999
send_informational_only,61.30768851,0.0,progress_guarded_cpb_cfg011,progress_guarded_cpb,test_ood_network,0.27540975,0.0,188,74.39797999999999
send_actionable,64.04368095,1.2937,progress_guarded_cpb_cfg011,progress_guarded_cpb,test_ood_network,0.0,1.0,192,75.69167999999999
send_actionable,67.21967048,1.4676,progress_guarded_cpb_cfg011,progress_guarded_cpb,test_ood_network,0.0,1.0,196,78.96032
send_actionable,68.27647251,0.3878,progress_guarded_cpb_cfg011,progress_guarded_cpb,test_ood_network,0.0,1.0,200,80.75202
send_informational_only,67.35855609,0.20492,progress_guarded_cpb_cfg011,progress_guarded_cpb,test_ood_network,0.0,0.0,204,81.86106
send_informational_only,66.81905669,0.27486,progress_guarded_cpb_cfg011,progress_guarded_cpb,test_ood_network,0.0,0.25,208,83.33918
verify_first,66.21154059,0.0,progress_guarded_cpb_cfg011,progress_guarded_cpb,test_ood_network,0.0,1.0,212,84.68182
send_informational_only,65.34857331,0.26956,progress_guarded_cpb_cfg011,progress_guarded_cpb,test_ood_network,0.0,1.0,216,85.33382
send_informational_only,65.74020331,0.302,progress_guarded_cpb_cfg011,progress_guarded_cpb,test_ood_network,0.0,0.0,220,87.68208000000001
send_informational_only,65.95382629,0.16124,progress_guarded_cpb_cfg011,progress_guarded_cpb,test_ood_network,0.0,0.25,224,89.93572000000002
send_actionable,67.14942759,1.3061,progress_guarded_cpb_cfg011,progress_guarded_cpb,test_ood_network,0.0,1.0,228,92.24074000000003
send_informational_only,66.84198968,0.2322,progress_guarded_cpb_cfg011,progress_guarded_cpb,test_ood_network,0.0,0.25,232,94.02118000000004
send_informational_only,66.31001588,0.26398,progress_guarded_cpb_cfg011,progress_guarded_cpb,test_ood_network,0.0,0.0,236,95.23908000000004
send_informational_only,66.04814056,0.0,progress_guarded_cpb_cfg011,progress_guarded_cpb,test_ood_network,0.273999,0.0,240,96.47100000000005
send_informational_only,66.13797969,0.0,progress_guarded_cpb_cfg011,progress_guarded_cpb,test_ood_network,0.232826,0.0,244,96.47100000000005
send_actionable,67.82396688,0.0,progress_guarded_cpb_cfg011,progress_guarded_cpb,test_ood_network,0.589,1.0,248,96.47100000000005
send_informational_only,66.99496194,0.0,progress_guarded_cpb_cfg011,progress_guarded_cpb,test_ood_network,0.29338375,0.0,252,96.47100000000005
send_informational_only,67.30916313,0.0,progress_guarded_cpb_cfg011,progress_guarded_cpb,test_ood_network,0.21730775,0.0,256,96.47100000000005
send_informational_only,68.09982375,0.0,progress_guarded_cpb_cfg011,progress_guarded_cpb,test_ood_network,0.239096,0.25,260,96.47100000000005
send_informational_only,68.6291845,0.0,progress_guarded_cpb_cfg011,progress_guarded_cpb,test_ood_network,0.3240545,0.0,264,96.47100000000005
send_informational_only,68.900773,0.0,progress_guarded_cpb_cfg011,progress_guarded_cpb,test_ood_network,0.3445365,0.0,268,96.47100000000005
send_informational_only,68.83818294,0.0,progress_guarded_cpb_cfg011,progress_guarded_cpb,test_ood_network,0.28188875,0.25,272,96.47100000000005
send_informational_only,68.55953863,0.0,progress_guarded_cpb_cfg011,progress_guarded_cpb,test_ood_network,0.336072,0.25,276,96.47100000000005
send_informational_only,68.64196463,0.0,progress_guarded_cpb_cfg011,progress_guarded_cpb,test_ood_network,0.33633325,0.25,280,96.47100000000005
send_informational_only,67.77011694,0.0,progress_guarded_cpb_cfg011,progress_guarded_cpb,test_ood_network,0.3447455,0.0,284,96.47100000000005
send_actionable,69.72941838,1.0218,progress_guarded_cpb_cfg011,progress_guarded_cpb,test_ood_network,0.0,1.0,288,97.49280000000005
send_actionable,71.40806913,0.7362,progress_guarded_cpb_cfg011,progress_guarded_cpb,test_ood_network,0.0,1.0,292,99.84272000000004
send_actionable,72.269998,1.0922,progress_guarded_cpb_cfg011,progress_guarded_cpb,test_ood_network,0.0,1.0,296,101.75570000000005
send_informational_only,70.46389717,0.07736,progress_guarded_cpb_cfg011,progress_guarded_cpb,test_ood_network,0.0,1.75,300,101.83306000000005
send_informational_only,70.61607812,0.23776,progress_guarded_cpb_cfg011,progress_guarded_cpb,test_ood_network,0.0,1.0,304,103.61610000000005
verify_first,70.13373647,0.0,progress_guarded_cpb_cfg011,progress_guarded_cpb,test_ood_network,0.0,1.0,308,104.92398000000004
send_informational_only,70.28416384,0.25148,progress_guarded_cpb_cfg011,progress_guarded_cpb,test_ood_network,0.0,0.0,312,106.85634000000005
send_informational_only,70.12451296,0.17936,progress_guarded_cpb_cfg011,progress_guarded_cpb,test_ood_network,0.0,0.25,316,108.76766000000005
send_informational_only,70.58408297,0.28918,progress_guarded_cpb_cfg011,progress_guarded_cpb,test_ood_network,0.0,0.25,320,110.89224000000006
send_informational_only,70.34982539,0.1812,progress_guarded_cpb_cfg011,progress_guarded_cpb,test_ood_network,0.0,0.25,324,112.43040000000006
send_informational_only,70.69474247,0.15584,progress_guarded_cpb_cfg011,progress_guarded_cpb,test_ood_network,0.0,0.25,328,114.73482000000006
send_informational_only,70.67782749,0.23736,progress_guarded_cpb_cfg011,progress_guarded_cpb,test_ood_network,0.0,0.25,332,116.34164000000006
send_informational_only,70.35706129,0.0,progress_guarded_cpb_cfg011,progress_guarded_cpb,test_ood_network,0.30644625,0.25,336,117.48444000000006
send_actionable,72.43732447,0.0,progress_guarded_cpb_cfg011,progress_guarded_cpb,test_ood_network,0.67298,1.0,340,117.48444000000006
send_informational_only,70.5694851,0.0,progress_guarded_cpb_cfg011,progress_guarded_cpb,test_ood_network,0.2555025,0.25,344,117.48444000000006
send_informational_only,70.84508691,0.0,progress_guarded_cpb_cfg011,progress_guarded_cpb,test_ood_network,0.30101225,0.0,348,117.48444000000006
defer,70.52876347,0.0,progress_guarded_cpb_cfg011,progress_guarded_cpb,test_ood_network,0.0,0.0,352,117.48444000000006
send_informational_only,69.64288197,0.0,progress_guarded_cpb_cfg011,progress_guarded_cpb,test_ood_network,0.2881065,0.25,356,117.48444000000006
send_informational_only,70.18704341,0.0,progress_guarded_cpb_cfg011,progress_guarded_cpb,test_ood_network,0.26443725,0.25,360,117.48444000000006
send_informational_only,70.19513366,0.0,progress_guarded_cpb_cfg011,progress_guarded_cpb,test_ood_network,0.21318,0.25,364,117.48444000000006
send_informational_only,69.36334241,0.0,progress_guarded_cpb_cfg011,progress_guarded_cpb,test_ood_network,0.26475075,0.25,368,117.48444000000006
defer,69.0521826,0.0,progress_guarded_cpb_cfg011,progress_guarded_cpb,test_ood_network,0.0,0.0,372,117.48444000000006
send_informational_only,68.43302022,0.0,progress_guarded_cpb_cfg011,progress_guarded_cpb,test_ood_network,0.22848925,0.25,376,117.48444000000006
send_actionable,70.26739772,0.0,progress_guarded_cpb_cfg011,progress_guarded_cpb,test_ood_network,0.587955,1.0,380,117.48444000000006
send_informational_only,70.33208335,0.12044,progress_guarded_cpb_cfg011,progress_guarded_cpb,test_ood_network,0.0,0.25,384,117.60488000000007
send_actionable,72.38908466,1.5386,progress_guarded_cpb_cfg011,progress_guarded_cpb,test_ood_network,0.0,1.0,388,120.16502000000007
send_actionable,73.06682039,1.0255,progress_guarded_cpb_cfg011,progress_guarded_cpb,test_ood_network,0.0,2.5,392,121.19052000000006
defer,71.24094441,0.0,progress_guarded_cpb_cfg011,progress_guarded_cpb,test_ood_network,0.0,3.0,396,121.19052000000006
send_informational_only,70.97814885,0.2277,progress_guarded_cpb_cfg011,progress_guarded_cpb,test_ood_network,0.0,1.0,400,122.56796000000006
send_actionable,71.89923446,0.9695,progress_guarded_cpb_cfg011,progress_guarded_cpb,test_ood_network,0.0,1.75,404,124.33972000000006
verify_first,71.37015434,0.0,progress_guarded_cpb_cfg011,progress_guarded_cpb,test_ood_network,0.0,2.5,408,125.28886000000006
verify_first,70.33334161,0.0,progress_guarded_cpb_cfg011,progress_guarded_cpb,test_ood_network,0.0,3.0,412,126.16036000000005
send_informational_only,69.47291525,0.11898,progress_guarded_cpb_cfg011,progress_guarded_cpb,test_ood_network,0.0,3.0,416,126.95620000000005
send_informational_only,69.20619329,0.13658,progress_guarded_cpb_cfg011,progress_guarded_cpb,test_ood_network,0.0,2.0,420,128.80866000000006
verify_first,68.3383129,0.0,progress_guarded_cpb_cfg011,progress_guarded_cpb,test_ood_network,0.0,2.0,424,129.88736000000006
send_actionable,70.18294607,0.8067,progress_guarded_cpb_cfg011,progress_guarded_cpb,test_ood_network,0.0,2.0,428,132.14430000000007
defer,69.52662094,0.0,progress_guarded_cpb_cfg011,progress_guarded_cpb,test_ood_network,0.0,1.0,432,133.47752000000006
send_informational_only,69.9587675,0.0,progress_guarded_cpb_cfg011,progress_guarded_cpb,test_ood_network,0.3190385,0.25,436,133.47752000000006
send_informational_only,69.92365712,0.0,progress_guarded_cpb_cfg011,progress_guarded_cpb,test_ood_network,0.26778125,0.0,440,133.47752000000006
send_informational_only,70.06740756,0.0,progress_guarded_cpb_cfg011,progress_guarded_cpb,test_ood_network,0.222794,0.0,444,133.47752000000006
send_informational_only,70.62943719,0.0,progress_guarded_cpb_cfg011,progress_guarded_cpb,test_ood_network,0.24092475,0.25,448,133.47752000000006
send_informational_only,71.08497344,0.0,progress_guarded_cpb_cfg011,progress_guarded_cpb,test_ood_network,0.21835275,0.25,452,133.47752000000006
defer,69.51110281,0.0,progress_guarded_cpb_cfg011,progress_guarded_cpb,test_ood_network,0.0,0.0,456,133.47752000000006
send_informational_only,68.57936219,0.0,progress_guarded_cpb_cfg011,progress_guarded_cpb,test_ood_network,0.38001425,0.0,460,133.47752000000006
defer,68.03543025,0.0,progress_guarded_cpb_cfg011,progress_guarded_cpb,test_ood_network,0.0,0.0,464,133.47752000000006
defer,67.68446962,0.0,progress_guarded_cpb_cfg011,progress_guarded_cpb,test_ood_network,0.0,0.0,468,133.47752000000006
send_informational_only,66.52972175,0.0,progress_guarded_cpb_cfg011,progress_guarded_cpb,test_ood_network,0.21615825,0.0,472,133.47752000000006
send_informational_only,66.77173444,0.0,progress_guarded_cpb_cfg011,progress_guarded_cpb,test_ood_network,0.37614775,0.25,476,133.47752000000006
send_informational_only,67.00738206,0.19716,progress_guarded_cpb_cfg011,progress_guarded_cpb,test_ood_network,0.0,0.25,480,133.67468000000005
send_actionable,67.31614866,0.3785,progress_guarded_cpb_cfg011,progress_guarded_cpb,test_ood_network,0.0,1.0,484,135.57994000000005
send_informational_only,68.04791329,0.3457,progress_guarded_cpb_cfg011,progress_guarded_cpb,test_ood_network,0.0,0.25,488,137.85894000000005
defer,67.58990714,0.0,progress_guarded_cpb_cfg011,progress_guarded_cpb,test_ood_network,0.0,0.0,492,139.74142000000006
send_actionable,67.69252751,0.7738,progress_guarded_cpb_cfg011,progress_guarded_cpb,test_ood_network,0.0,1.0,496,141.31608000000006
verify_first,66.93915179,0.0,progress_guarded_cpb_cfg011,progress_guarded_cpb,test_ood_network,0.0,1.0,500,142.75144000000006
defer,65.23087354,0.0,progress_guarded_cpb_cfg011,progress_guarded_cpb,test_ood_network,0.0,1.5,504,142.75144000000006
verify_first,63.63022364,0.0,progress_guarded_cpb_cfg011,progress_guarded_cpb,test_ood_network,0.0,1.0,508,143.27924000000007
verify_first,62.84962896,0.0,progress_guarded_cpb_cfg011,progress_guarded_cpb,test_ood_network,0.0,1.5,512,144.24210000000008
send_informational_only,62.04138589,0.26036,progress_guarded_cpb_cfg011,progress_guarded_cpb,test_ood_network,0.0,2.25,516,144.50246000000007
defer,61.89012462,0.0,progress_guarded_cpb_cfg011,progress_guarded_cpb,test_ood_network,0.0,1.25,520,146.36764000000005
send_actionable,62.85317875,1.1489,progress_guarded_cpb_cfg011,progress_guarded_cpb,test_ood_network,0.0,1.0,524,148.21338000000006
send_actionable,63.58346075,0.0,progress_guarded_cpb_cfg011,progress_guarded_cpb,test_ood_network,0.55176,1.0,528,149.61896000000004
send_actionable,65.30945325,0.0,progress_guarded_cpb_cfg011,progress_guarded_cpb,test_ood_network,0.54701,1.0,532,149.61896000000004
send_actionable,67.23058987,0.0,progress_guarded_cpb_cfg011,progress_guarded_cpb,test_ood_network,0.552045,1.0,536,149.61896000000004
send_informational_only,66.97525856,0.0,progress_guarded_cpb_cfg011,progress_guarded_cpb,test_ood_network,0.22545875,0.25,540,149.61896000000004
send_actionable,69.35859075,0.0,progress_guarded_cpb_cfg011,progress_guarded_cpb,test_ood_network,0.62662,1.0,544,149.61896000000004
defer,68.59965262,0.0,progress_guarded_cpb_cfg011,progress_guarded_cpb,test_ood_network,0.0,0.0,548,149.61896000000004
send_informational_only,67.82264181,0.0,progress_guarded_cpb_cfg011,progress_guarded_cpb,test_ood_network,0.365541,0.0,552,149.61896000000004
send_informational_only,68.17416425,0.0,progress_guarded_cpb_cfg011,progress_guarded_cpb,test_ood_network,0.30017625,0.25,556,149.61896000000004
send_informational_only,68.40559406,0.0,progress_guarded_cpb_cfg011,progress_guarded_cpb,test_ood_network,0.414865,0.25,560,149.61896000000004
defer,67.26301394,0.0,progress_guarded_cpb_cfg011,progress_guarded_cpb,test_ood_network,0.0,0.0,564,149.61896000000004
send_informational_only,67.61287481,0.0,progress_guarded_cpb_cfg011,progress_guarded_cpb,test_ood_network,0.25691325,0.25,568,149.61896000000004
send_informational_only,67.7812675,0.0,progress_guarded_cpb_cfg011,progress_guarded_cpb,test_ood_network,0.37572975,0.25,572,149.61896000000004
